{"cameraMode":{"drawMode":0,"name":"Shaded","section":"Shading Mode"},"sceneLighting":true,"audioPlay":false,"sceneViewState":{"m_AlwaysRefresh":false,"showFog":true,"showSkybox":true,"showFlares":true,"showImageEffects":true,"showParticleSystems":true,"showVisualEffectGraphs":true,"m_FxEnabled":true},"in2DMode":false,"pivot":{"x":-5.920653343200684,"y":-1.9910411834716797,"z":5.154505729675293},"rotation":{"x":0.35917675495147707,"y":0.22220757603645326,"z":-0.08845223486423493,"w":0.9021365642547607},"size":5.345520973205566,"orthographic":true}