{"cameraMode":{"drawMode":0,"name":"Shaded","section":"Shading Mode"},"sceneLighting":true,"audioPlay":false,"sceneViewState":{"m_AlwaysRefresh":false,"showFog":true,"showSkybox":true,"showFlares":true,"showImageEffects":true,"showParticleSystems":true,"showVisualEffectGraphs":true,"m_FxEnabled":true},"in2DMode":false,"pivot":{"x":-5.920653343200684,"y":-1.9910411834716797,"z":5.154505729675293},"rotation":{"x":0.33317407965660097,"y":0.4891377091407776,"z":-0.20933027565479279,"w":0.7784462571144104},"size":4.7223968505859379,"orthographic":true}